{
 "Solver": "clingo version 5.4.0",
 "Input": [
  "seeknumbers.lp",
  "instances/ex07.lp"
 ],
 "Call": [
  {
   "Witnesses": [
    {
     "Value": [
      "path(1,1,1,2)",
      "path(1,2,1,3)",
      "path(1,3,1,4)",
      "path(1,4,1,5)",
      "path(1,5,2,5)",
      "path(1,6,1,7)",
      "path(2,1,1,1)",
      "path(2,2,3,2)",
      "path(2,3,3,3)",
      "path(2,4,2,3)",
      "path(2,5,2,6)",
      "path(2,6,1,6)",
      "path(3,1,2,1)",
      "path(3,2,4,2)",
      "path(3,3,4,3)",
      "path(3,4,2,4)",
      "path(3,5,4,5)",
      "path(3,6,3,5)",
      "path(4,1,3,1)",
      "path(4,2,5,2)",
      "path(4,3,5,3)",
      "path(4,4,3,4)",
      "path(4,5,5,5)",
      "path(4,6,3,6)",
      "path(5,1,4,1)",
      "path(5,2,6,2)",
      "path(5,3,6,3)",
      "path(5,4,4,4)",
      "path(5,5,6,5)",
      "path(5,6,4,6)",
      "path(6,1,5,1)",
      "path(6,2,7,2)",
      "path(6,3,7,3)",
      "path(6,4,5,4)",
      "path(6,5,7,5)",
      "path(6,6,5,6)",
      "path(7,1,6,1)",
      "path(7,2,7,1)",
      "path(7,4,6,4)",
      "path(7,5,7,4)",
      "path(7,6,6,6)",
      "path(1,7,2,7)",
      "path(2,7,3,7)",
      "path(3,7,4,7)",
      "path(4,7,5,7)",
      "path(5,7,6,7)",
      "path(6,7,7,7)",
      "path(7,7,7,6)"
     ]
    }
   ]
  }
 ],
 "Result": "SATISFIABLE",
 "Models": {
  "Number": 1,
  "More": "no"
 },
 "Calls": 1,
 "Time": {
  "Total": 0.043,
  "Solve": 0.029,
  "Model": 0.028,
  "Unsat": 0.0,
  "CPU": 0.043
 }
}