{
 "Solver": "clingo version 5.4.0",
 "Input": [
  "seeknumbers.lp",
  "instances/ex10.lp"
 ],
 "Call": [
  {
   "Witnesses": [
    {
     "Value": [
      "path(1,1,2,1)",
      "path(1,2,2,2)",
      "path(1,3,1,2)",
      "path(2,1,3,1)",
      "path(2,2,2,3)",
      "path(2,3,3,3)",
      "path(3,1,4,1)",
      "path(3,3,3,2)",
      "path(4,1,4,2)",
      "path(4,2,4,3)",
      "path(4,3,4,4)",
      "path(1,4,1,3)",
      "path(2,4,1,4)",
      "path(3,4,2,4)",
      "path(4,4,3,4)"
     ]
    }
   ]
  }
 ],
 "Result": "SATISFIABLE",
 "Models": {
  "Number": 1,
  "More": "no"
 },
 "Calls": 1,
 "Time": {
  "Total": 0.002,
  "Solve": 0.0,
  "Model": 0.0,
  "Unsat": 0.0,
  "CPU": 0.002
 }
}